Trial,Path Length (m),Time to Goal (s)
1,10.788315010204142,1729788619.9222791
2,5.709963121105722,1729788656.5075054
3,10.780805366391961,1729788751.519698
4,10.819779722441098,1729788832.410832
