Trial,Path Length (m),Time to Goal (s)
1,12.61137888911048,50.23391366004944
2,4.521986543698063,68.44373846054077
3,11.922756655470625,129.33958506584167
4,10.435688575496323,181.3630690574646
