Trial,Path Length (m),Time to Goal (s)
1,10.098330188181233,1729790628.7740622
2,9.34413559476465,1729790693.3099775
3,10.760238770887497,1729790767.8038194
4,11.635063425986495,1729790844.3362658
