Trial,Path Length (m),Time to Goal (s)
1,9.675453303459033,35.08474540710449
2,4.711585534135403,52.263582944869995
3,14.776979085706266,147.44681310653687
4,9.188680203135288,190.6865484714508
