Trial,Path Length (m),Time to Goal (s)
1,11.66926027739101,1729789328.9417255
2,5.128986144746937,1729789356.843362
3,11.621658383243862,1729789451.5704823
4,9.025016729279846,1729789497.0296748
