Trial,Path Length (m),Time to Goal (s)
1,10.060606560159377,37.34160542488098
2,5.182429628799577,58.32605338096619
3,14.756734072249822,127.94017386436462
4,9.80254648651354,160.918062210083
