Trial,Path Length (m),Time to Goal (s)
1,10.558837387149248,52.30317234992981
2,5.1912358924296305,88.43443250656128
3,35.74798201066654,320.39300441741943
4,10.561090817928577,367.9965431690216
