Trial,Path Length (m),Time to Goal (s)
1,9.480416911031739,1729789999.8750708
2,5.083573290796555,1729790029.7793088
3,12.966631043141728,1729790117.310139
4,12.834479016992875,1729790195.6593938
