Trial,Path Length (m),Time to Goal (s)
1,9.911270578060687,45.75385069847107
2,5.153844783327146,82.3409333229065
3,16.511098252669175,169.29837369918823
4,14.007970494822915,248.54205679893494
