Trial,Path Length (m),Time to Goal (s)
1,10.24402964447259,1729791024.871169
2,8.082343369119144,1729791079.353546
3,16.715342863725326,1729791237.2370107
4,14.623888339139619,1729791389.0647843
